{
 "seed": 42,
 "cases": [
  {
   "manifold": "sphere",
   "dim": 3,
   "p": [
    0.23116513807972336,
    -0.7889550192379909,
    0.5693089289267855
   ],
   "v": [
    0.2134974824181034,
    -0.3478276332952444,
    -0.5687132515753088
   ],
   "q": [
    0.37328892748204523,
    -0.9235356732670923,
    -0.08796156446086606
   ]
  },
  {
   "manifold": "sphere",
   "dim": 10,
   "p": [
    0.06057085694404255,
    -0.149835923118851,
    -0.007960398140757937,
    -0.40417270615480877,
    0.4166592689996144,
    0.3685182687624123,
    0.03128538268658438,
    0.5340875356857687,
    0.22150619669508814,
    -0.4071332657977242
   ],
   "v": [
    0.1299920914490601,
    -0.3376436771244446,
    0.30209250929587134,
    -0.03731066212505292,
    -0.04291562539025637,
    -0.21612957080544562,
    0.4225316500359651,
    -0.026625322319849282,
    -0.13646577478639108,
    -0.14152130842990693
   ],
   "q": [
    0.1659602960143544,
    -0.4253380191542116,
    0.27193060548924863,
    -0.3434657487068612,
    0.279182865317921,
    0.08295190123745219,
    0.4127888981967464,
    0.3839891024712122,
    0.04382633280592724,
    -0.4416363118312464
   ]
  },
  {
   "manifold": "sphere",
   "dim": 50,
   "p": [
    0.09718659871815037,
    0.06672112111002096,
    0.07535484975592903,
    0.07865734628485363,
    0.3910123132012476,
    -0.07420141185304342,
    -0.09352295603318382,
    -0.148574936774362,
    0.11246273140722071,
    0.20612264479809378,
    -0.02080401041839228,
    -0.15339196204576652,
    -0.15053004388181218,
    0.11878228276957864,
    0.13569997821332158,
    0.09916664477798524,
    -0.12150574632309792,
    0.04238696223005318,
    0.02130396622270216,
    0.039927172912570245,
    0.15910151703630715,
    0.04082306197917715,
    0.12395296156685462,
    0.01233828024465804,
    0.05278610954817038,
    0.1152577433287866,
    -0.2660409058823899,
    -0.05836412195961706,
    -0.08587850753171661,
    -0.11664342219192884,
    -0.05023422530757042,
    0.27293960965766917,
    -0.1580795212299306,
    0.17678387382575417,
    -0.3072507362782286,
    -0.06114179110418792,
    0.029714717043754522,
    0.1070298165495828,
    0.12985252571991038,
    0.14484574282027274,
    -0.06366864329860462,
    -0.08441409496550077,
    0.1566453481258471,
    -0.03492747666187481,
    -0.2329090276125807,
    -0.2069104435710108,
    -0.16786943149822653,
    0.09076935555891849,
    0.026003445430381304,
    0.1260656867245037
   ],
   "v": [
    -0.05509403716823679,
    0.019164460242591233,
    0.07796082514790563,
    -0.03999327655609533,
    0.0527416768417414,
    -0.08255777069501188,
    -0.04462396037341532,
    -0.046295237233777306,
    -0.15221732029735804,
    0.05885109320607231,
    -0.05894148925221498,
    0.0034847280860195976,
    0.0625044981758443,
    0.05483765386287295,
    0.08222867726904973,
    -0.013655002300629703,
    -0.05187366206001824,
    -0.010581466887863598,
    -0.21306950400699645,
    -0.18300479862538616,
    -0.16879715727956326,
    -0.12627949177081166,
    0.04887637976256008,
    -0.11435136501157818,
    -0.04835028918063976,
    0.16242254330942948,
    -0.04162061800247812,
    0.09374083226226024,
    -0.11667784793096268,
    -0.024457866095398333,
    -0.1191903444102346,
    -0.046155175510369746,
    0.10794586765838295,
    -0.22004745501052447,
    0.05861271415833356,
    0.030743816683420914,
    -0.0753032057741249,
    -0.18370689428063963,
    0.007480842933071483,
    -0.06858154314096411,
    0.030137180090223797,
    0.003806509848491349,
    0.2000647463751233,
    -0.029752535345763068,
    -0.1261835529203024,
    0.025185036618129205,
    0.02983484974313026,
    0.17028928930980824,
    0.10499950189864089,
    0.043439196186209436
   ],
   "q": [
    0.023628763302460158,
    0.06866839142877712,
    0.12938277164114131,
    0.02335420516703645,
    0.34760145727833014,
    -0.13273119314219345,
    -0.11259822303537134,
    -0.1562423948479637,
    -0.054071030007488835,
    0.21181260186284587,
    -0.07015628467327409,
    -0.11411361023690364,
    -0.057608151933459695,
    0.14131739602853063,
    0.17946502285810817,
    0.06327998492431955,
    -0.140672621643756,
    0.022681096724262162,
    -0.17979603229392102,
    -0.13788333962867183,
    -0.03365832524529484,
    -0.08499320303297207,
    0.13978592328973685,
    -0.09580197975067806,
    -0.004124258619546309,
    0.23763323480344095,
    -0.24178322017789078,
    0.041631374672510164,
    -0.17306341032122238,
    -0.1117226529198324,
    -0.14811343764224852,
    0.16627861315951745,
    -0.02156211933988582,
    -0.06730032462279933,
    -0.18105640066865916,
    -0.01846994912739986,
    -0.04657529805798753,
    -0.08720655323854906,
    0.10620139170021974,
    0.047667787458269856,
    -0.020960886605383845,
    -0.06106028821527901,
    0.3039307538421947,
    -0.05409559266054645,
    -0.29426675958858384,
    -0.13507577045695884,
    -0.10093628330730235,
    0.2261433354733934,
    0.11652072675740849,
    0.13639792486523933
   ]
  },
  {
   "manifold": "spd",
   "dim": 3,
   "p": [
    [
     6.963694974430174,
     -0.0117326887742579,
     2.1345389302634117
    ],
    [
     -0.0117326887742579,
     5.9057594067013035,
     1.5229476507140833
    ],
    [
     2.1345389302634117,
     1.5229476507140833,
     5.616070808293727
    ]
   ],
   "v": [
    [
     -0.08216773663986619,
     0.09345780393278008,
     -0.0061251480906210345
    ],
    [
     0.09345780393278008,
     0.23575267366377828,
     -0.06948465891835175
    ],
    [
     -0.0061251480906210345,
     -0.06948465891835175,
     0.02165980507119804
    ]
   ],
   "q": [
    [
     4.208057369447591,
     -0.4244368560828402,
     1.584195153338735
    ],
    [
     -0.4244368560828402,
     4.180800178664624,
     -1.3446586445211226
    ],
    [
     1.584195153338735,
     -1.3446586445211226,
     6.902306672548135
    ]
   ]
  },
  {
   "manifold": "spd",
   "dim": 6,
   "p": [
    [
     10.59700861672177,
     -1.602572623361926,
     1.336032325496293,
     -3.1445504135789766,
     1.0248048287593439,
     1.657704941263128
    ],
    [
     -1.602572623361926,
     14.769618562476772,
     -0.9572849144489879,
     -0.7383789396514798,
     1.9726594725036173,
     -2.58987542289524
    ],
    [
     1.336032325496293,
     -0.9572849144489879,
     8.286236954155054,
     -2.1392503577082613,
     -0.08939384811714542,
     0.9087753398018521
    ],
    [
     -3.1445504135789766,
     -0.7383789396514798,
     -2.1392503577082613,
     12.064540093771033,
     -2.5049814003210327,
     -4.189762813390348
    ],
    [
     1.0248048287593439,
     1.9726594725036173,
     -0.08939384811714542,
     -2.5049814003210327,
     8.043999371202686,
     1.0979804624131078
    ],
    [
     1.657704941263128,
     -2.58987542289524,
     0.9087753398018521,
     -4.189762813390348,
     1.0979804624131078,
     13.17101212358696
    ]
   ],